num, id
1,   f6bf82c83c2bb62112e4acbc898bd80bd90757042726ef9ab6536e4179127446i0
2,   6b08e3340f9bd3e465bd7324999f4fef363e549dc600b5b2a8c134bfa5758bfbi0
3,   420afa24d7db64f072c2288f74890f935590533a90553b465c3ff9d7016bfd95i0
4,   84930190d90aebe23e7b994435f4579d1af8b5e078e63452b4ec6cafe781f8f9i0
5,   c12325e68ca3b4f92b19c858423247e538f65bf08df7e238a0df76db7bf69cf7i0
6,   5b2dfa423c8ac66dec040f6c0ebb912961e33e63eabe0c84a386f898cd051072i0
7,   cdf6bf2f623a8c8dc617e9c27a8b9545695aa1a9a4c263d25926d5ff6d9b8e33i0
8,   db836da788e9db0b600c3169e9e3e955eeabb7b33aedb269db0d02d49f3faa2fi0
9,   c43c3238bf035ca0cf0060f3db7a57a9be017624421667103840cb95938b08d5i0
10,  ab2a081882bbb0b38c50ad4214abb616b23f3e00e06a4f5336c003a1387a52adi0
11,  be98eed395c712c107898aee30a835302ac7da9339523e2ade460b871cfb00f4i0
12, 3f3defa3d6571de2d96693a81a7a39426cc28ea0d7a979b4f26891efdfb93941i0
13, 7a44a60f61c5e7b67130d165373dc8091ba3e8b88eb120b9ef7bedcf18ed3215i0
14, b87ef2044858da03022762b7a4a6082cc15c9916dc265d2b97627ea6577d375ci0
15, e01ecadf9e707580c936ead9bf86d4571f156b41a539ddf657f22aee95cff1adi0
16, 65fd74da31c28d78e9a14cdbbf103b781a86ba9865c75d7bea96d8a8ce6d0882i0
17, 7fa9c3e3d85a472550d7261f377765f2a0928a96495283f2817f143b9177b61bi0
18, cb6b98c261ec0a208125e978cb16cbb8f260d7e455ff19993bd333cafeac3bdci0
19, 475b524862f9d194affac3e70276eedf939af691cf905edc1eb176c852121684i0
20, 5efabca438f1ffaf744e61307e9b988b7e0cdc9071b253628b5eae1681211373i0
21, 43c72b1eb07296b77b028c4d6dd03f9305a4f57ce91ecbe730c966310aac6948i0
22, a1b111fa7539e09ab572f286c91d5f5d37fdb1cda785e60769ead5663f10aa77i0
23, cefd00834590f4e455be2d0ea40205430a7b7034c90c82206af986e733cb07eai0

